name;domain;website;email;bezirk;quelle
Steuerberater Thomas Langer;stblanger.de;https://stblanger.de/;info@stblanger.de;Berlin;Web-Recherche/CSV
Dr. Georgi / steuerberater-berlin.de;steuerberater-berlin.de;https://www.steuerberater-berlin.de/;info@steuerberater-berlin.de;Berlin;Web-Recherche/CSV
Schürmann Steuerberatungsgesellschaft;steuerberater-berlin-schuermann.de;https://www.steuerberater-berlin-schuermann.de/;kontakt@schuermanngmbh.de;Berlin-Mitte;Web-Recherche/CSV
TAXURA GmbH;taxura.de;https://www.taxura.de/;kontakt@taxura.de;Berlin-Prenzlauer Berg;Web-Recherche/CSV
ETL Mayer & Partner GmbH;kanzlei.etl.de;https://kanzlei.etl.de/mp-berlin/;mp-berlin@etl.de;Berlin;Web-Recherche/CSV
Capellmann und Partner mbB;steuerberater-capellmann.de;https://steuerberater-capellmann.de/;info@steuerberater-capellmann.de;Berlin;Web-Recherche/CSV
von Arps-Aubert + Partner;arps-steuerberater.de;https://arps-steuerberater.de/;berlin@arps-steuerberater.de;Berlin;Web-Recherche/CSV
Asmus-Reimer & Partner;asmus-reimer.de;https://www.asmus-reimer.de/;info@asmus-reimer.de;Berlin;Web-Recherche/CSV
Erbel & Bernsen;erbelbernsen.de;https://www.erbelbernsen.de/;kontakt@erbelbernsen.de;Berlin;Web-Recherche/CSV
Zambetti Steuerberatung;zambetti-steuerberatung.de;https://www.zambetti-steuerberatung.de/;zambetti@zambetti-steuerberatung.de;Berlin;Web-Recherche/CSV
GTK Steuerberater;gtkp.de;https://www.gtkp.de/;bruehl@gtkp.de;Berlin (Multi-Standort);Web-Recherche/CSV
STEUERFABRIK / Steuerberater Bär;steuerberater-baer.de;https://www.steuerberater-baer.de/;info@steuerberater-baer.de;Berlin;Web-Recherche/CSV
EcoTaxes GmbH;ecotaxes.de;https://www.ecotaxes.de/;kontakt@ecotaxes.de;Berlin-Mitte (10117);Web-Recherche/CSV
F&S Taxes Steuerberatung;fs-steuerberater-berlin.de;https://fs-steuerberater-berlin.de/;info@fs-steuerberater-berlin.de;Berlin-Mitte (10117);Web-Recherche/CSV
Franz und Näther;franz-naether.de;https://www.franz-naether.de/;mail@franz-naether.de;Berlin;Web-Recherche/CSV
Steuerberater Schuschke;stb-kanzlei-berlin.de;https://www.stb-kanzlei-berlin.de/;info@stb-kanzlei-berlin.de;Berlin;Web-Recherche/CSV
SPS Steuern & Recht;sps-steuerrecht.de;https://www.sps-steuerrecht.de/;;Berlin;Web-Recherche/CSV
Kanzlei Bütow;kanzlei-buetow.com;https://www.kanzlei-buetow.com/;;Berlin-Prenzlauer Berg;Web-Recherche/CSV
Steuerkanzlei Berlin;steuerkanzlei.berlin;https://steuerkanzlei.berlin/;deckert@steuerkanzlei.berlin;Berlin;Web-Recherche/CSV
Kanzlei Fidelsberger;kanzlei-fidelsberger.de;https://kanzlei-fidelsberger.de/;kontakt@stb-fidelsberger.de;Berlin-Westend;Web-Recherche/CSV
GAAP GmbH;gaap-gmbh.de;https://www.gaap-gmbh.de/;info@gaap-gmbh.de;Berlin-Mitte/Kreuzberg;Web-Recherche/CSV
Guhr Steuerberatung;guhr-steuerberatung.de;https://guhr-steuerberatung.de/;anfrage@guhr-steuerberatung.de;Berlin-Friedrichshain;Web-Recherche/CSV
Beck Steuerberatung;steuerberater-beck.de;https://www.steuerberater-beck.de/;info@steuerberater-beck.de;Berlin-Kreuzberg;Web-Recherche/CSV
Carola Schumacher;steuerkanzlei-schumacher.de;https://steuerkanzlei-schumacher.de/;info@stb-carola-schumacher.de;Berlin-Kreuzberg/Friedrichshain;Web-Recherche/CSV
Frederik Frey Steuerberatung;frey-steuerberatung.de;https://frey-steuerberatung.de/;office@frey-steuerberatung.de;Berlin-Prenzlauer Berg/Mitte;Web-Recherche/CSV
Frank Staenicke / meinsteuerberater;meinsteuerberater-berlin.de;https://meinsteuerberater-berlin.de/;info@meinsteuerberater-berlin.de;Berlin-Wilmersdorf;Web-Recherche/CSV
Gieron & Partner GmbH;gieron.de;https://www.gieron.de/;info@gieron.de;Berlin (viele Bezirke);Web-Recherche/CSV
Schmelzer & Rockmann;steuerberaterinnen.berlin;https://www.steuerberaterinnen.berlin/;office@steuerberaterinnen.berlin;Berlin-Charlottenburg;Web-Recherche/CSV
ABS Treuhand GmbH;berlin-steuerberater-charlottenburg.de;https://www.berlin-steuerberater-charlottenburg.de/;abs@datevnet.de;Berlin-Charlottenburg/Wilmersdorf;Web-Recherche/CSV
Cicek Steuerberatungsgesellschaft;cicek-stb.com;https://cicek-stb.com/;;Berlin;Web-Recherche/CSV
Steuerberater Vos;steuerberater-vos.de;https://www.steuerberater-vos.de/;info@stb-vos.de;Berlin;Web-Recherche/CSV
R+R Steuerkanzlei / Rosenmeyer-Rosenhahn;rosenmeyer-rosenhahn.de;https://rosenmeyer-rosenhahn.de/;info@rosenmeyer-kollegen.de;Berlin-Pankow;Web-Recherche/CSV
EGIDO Berlin;egido-berlin.de;https://egido-berlin.de/;info@egido.de;Berlin-Wedding;Web-Recherche/CSV
KTM Steuerberatung;ktm-steuerberatung.de;https://ktm-steuerberatung.de/;info@ktm-steuerberatung.de;Berlin;Web-Recherche/CSV
Kanzlei Mitja Wolf;mitjawolf.de;https://www.mitjawolf.de/;kanzlei@mitjawolf.de;Berlin-Moabit;Web-Recherche/CSV
TMB Riegel StBG mbH;tmb-stb.de;https://www.tmb-stb.de/;kanzlei@tmb-stb.de;Berlin-Lankwitz;Web-Recherche/CSV
SUTAX;sutax.de;https://sutax.de/;mail@sutax.de;Berlin-Charlottenburg;Web-Recherche/CSV
Bachtenkirch-Sujata Berke Schäffer;steuerberater-bsbs.de;https://www.steuerberater-bsbs.de/;info@bsbs-partner.de;Berlin-Charlottenburg;Web-Recherche/CSV
GLAUX StB + RA;glaux.de;https://www.glaux.de/;;Berlin + Frankfurt;Web-Recherche/CSV
Butenschön und Partner;butenschoenundpartner.de;https://butenschoenundpartner.de/;info@bup.berlin;Berlin + Brandenburg;Web-Recherche/CSV
Kanzlei Pfalz;kanzlei-pfalz.de;https://kanzlei-pfalz.de/;;Berlin;Web-Recherche/CSV
BTB Steuerberatungsgesellschaft mbH;btb-steuerberatung.de;https://www.btb-steuerberatung.de/;info@btb-steuerberatung.de;Berlin (10117) + Potsdam;Web-Recherche/CSV
nobull tax + audit;nobullaudit.de;https://nobullaudit.de/;kontakt@nobullaudit.de;Berlin;Web-Recherche/CSV
mgp Steuerberater (Merla Ganschow);mgp-steuerberater.de;https://www.mgp-steuerberater.de/;info@mgp-steuerberater.de;Berlin-Charlottenburg;Web-Recherche/CSV
ETL Küpper & Partner;steuerprofis-berlin-mitte.de;https://www.steuerprofis-berlin-mitte.de/;kp-berlin@etl.de;Berlin-Mitte;Google
Abraham und Löhr;abraham-loehr.de;https://abraham-loehr.de/;kanzlei@abraham-loehr.de;Berlin-Mitte;Google
Bernhard Bürger Steuerberater;steuerbuerger.de;https://www.steuerbuerger.de/;;Berlin-Mitte;Google
BTS Steuerberatung;bts-steuerberatung.de;https://www.bts-steuerberatung.de/;;Berlin-Charlottenburg;Google
Kerstin Schwarz Steuerberaterin;rastb-schwarz.de;https://www.rastb-schwarz.de/;info@rastb-schwarz.de;Berlin-Wilmersdorf;Google
Steuerberater Michael Schröder;steuerschroeder.de;https://www.steuerschroeder.de/;;Berlin-Friedenau;Google
Lüdecke & Frank Steuerberatung;taxback.de;https://taxback.de/;mail@taxback.de;Berlin-Tempelhof;Google
BKM Steuerberater;bkm-berlin.de;https://bkm-berlin.de/;bkm@bkm-berlin.de;Berlin-Steglitz;Google
Trust and Taxes;trustandtaxes.berlin;https://trustandtaxes.berlin/;;Berlin;Google
b'steuern GmbH;bsteuern.com;https://www.bsteuern.com/;hello@bsteuern.com;Berlin-Friedrichshain;Google
Jan Heilmann Steuerberater;heilmann-steuerberater.de;https://www.heilmann-steuerberater.de/;info@heilmann-steuerberater.de;Berlin-Zehlendorf;Google
SHK Schüffner & Kollegen;shkberlin.de;https://shkberlin.de/;info@shkberlin.de;Berlin-Steglitz;Google
Steuerberatung Buhl;steuerberatung-buhl.de;https://steuerberatung-buhl.de/;buhl@steuerberatung-buhl.de;Berlin-Steglitz;Google
Buder & Buder Stb GmbH;steuerbuder.de;https://www.steuerbuder.de/;kanzlei@steuerbuder.de;Berlin-Steglitz;Google
Neumann Steuerberatungsgesellschaft;neumann-steuerberater.de;https://www.neumann-steuerberater.de/;;Berlin-Köpenick;Google
Steuerberater C. Kaik;stb-kaik.de;https://www.stb-kaik.de/;kanzlei@stb-kaik.de;Berlin-Neukölln;Google
Steuerberater Mößler;moessler-stb.de;https://www.moessler-stb.de/;;Berlin-Tempelhof;Google
Doreen Reinhardt Steuerberaterin;stb-reinhardt.de;https://stb-reinhardt.de/;office@stb-reinhardt.de;Berlin-Pankow;Google
Steuerberatung Andrea Lemke;steuerberatung-lemke.de;https://www.steuerberatung-lemke.de/;;Berlin-Lichtenberg;Google
Galaxia Steuerberatung;galaxia-stb.de;https://galaxia-stb.de/;kanzlei@galaxia-stb.de;Berlin-Marzahn;Google
Christiane Klatt Steuerberater;steuerberaterklatt.de;https://www.steuerberaterklatt.de/;;Berlin-Zehlendorf;Google
